Fund Name,P1,P2,P3,P4,P5,Topsis Score,Rank
M1,0.68,0.46,5.2,50.4,14.19,0.5811499056700469,3
M2,0.72,0.52,6.3,66.8,18.59,0.5841916978216687,2
M3,0.75,0.56,4.2,41.5,11.75,0.46188842394611124,6
M4,0.86,0.74,6.5,38.5,11.65,0.521439269723271,4
M5,0.63,0.4,6.1,54.5,15.41,0.6455828804173188,1
M6,0.79,0.62,5.6,65.5,18.13,0.5021469526630988,5
M7,0.69,0.48,3.4,55.9,15.12,0.43011185856186773,8
M8,0.69,0.48,3.8,63.4,17.09,0.4506750140483634,7
