Fund Name,P1,P2,P3,P4,P5,Topsis Score,Rank
M1,0.68,0.46,5.2,50.4,14.19,0.4191854444638998,6
M2,0.72,0.52,6.3,66.8,18.59,0.4430515378597079,5
M3,0.75,0.56,4.2,41.5,11.75,0.5152782118082162,4
M4,0.86,0.74,6.5,38.5,11.65,0.3892140710548217,7
M5,0.63,0.4,6.1,54.5,15.41,0.35223100103927546,8
M6,0.79,0.62,5.6,65.5,18.13,0.518339708291062,3
M7,0.69,0.48,3.4,55.9,15.12,0.634671146878526,1
M8,0.69,0.48,3.8,63.4,17.09,0.6323801151444653,2
